Complex ID,remote,GTFS Stop ID,Division,Stop Name,Borough,GTFS Latitude,GTFS Longitude
1,R095,R01,BMT,Astoria-Ditmars Blvd,Q,40.775,-73.912
2,R094,R03,BMT,Astoria Blvd,Q,40.77,-73.918
3,R093,R04,BMT,30 Av,Q,40.767,-73.921
4,R092,R05,BMT,Broadway,Q,40.762,-73.926
5,R091,R06,BMT,36 Av,Q,40.757,-73.93
6,R090,R08,BMT,39 Av-Dutch Kills,Q,40.753,-73.933
8,R079,R13,BMT,5 Av/59 St,M,40.765,-73.973
9,R080,R14,BMT,57 St-7 Av,M,40.765,-73.981
10,R081,R15,BMT,49 St,M,40.76,-73.984
13,R082,R18,BMT,28 St,M,40.745,-73.989
14,R083,R19,BMT,23 St,M,40.741,-73.989
16,R085,R21,BMT,8 St-NYU,M,40.73,-73.993
17,R086,R22,BMT,Prince St,M,40.724,-73.998
20,R087,R24,BMT,City Hall,M,40.713,-74.007
22,R227,R26,BMT,Rector St,M,40.707,-74.013
26,R099,R30,BMT,DeKalb Av,Bk,40.691,-73.982
28,R231,R32,BMT,Union St,Bk,40.677,-73.983
30,R246,R34,BMT,Prospect Av,Bk,40.665,-73.993
31,R278,R35,BMT,25 St,Bk,40.66,-73.998
32,R197,R36,BMT,36 St,Bk,40.655,-74.004
33,R232,R39,BMT,45 St,Bk,40.649,-74.01
34,R233,R40,BMT,53 St,Bk,40.645,-74.014
35,R212,R41,BMT,59 St,Bk,40.641,-74.018
36,R213,R42,BMT,Bay Ridge Av,Bk,40.635,-74.023
37,R214,R43,BMT,77 St,Bk,40.63,-74.026
38,R215,R44,BMT,86 St,Bk,40.623,-74.028
39,R216,R45,BMT,Bay Ridge-95 St,Bk,40.617,-74.031
41,R171,D25,BMT,7 Av,Bk,40.677,-73.972
42,R196,D26,BMT,Prospect Park,Bk,40.662,-73.962
43,R148,D27,BMT,Parkside Av,Bk,40.655,-73.961
44,R098,D28,BMT,Church Av,Bk,40.651,-73.963
45,R262,D29,BMT,Beverley Rd,Bk,40.644,-73.964
46,R184,D30,BMT,Cortelyou Rd,Bk,40.641,-73.964
47,R149,D31,BMT,Newkirk Plaza,Bk,40.635,-73.963
48,R263,D32,BMT,Avenue H,Bk,40.629,-73.962
49,R228,D33,BMT,Avenue J,Bk,40.625,-73.961
50,R229,D34,BMT,Avenue M,Bk,40.618,-73.959
51,R211,D35,BMT,Kings Hwy,Bk,40.609,-73.958
52,R150,D37,BMT,Avenue U,Bk,40.599,-73.956
53,R230,D38,BMT,Neck Rd,Bk,40.595,-73.955
54,R136,D39,BMT,Sheepshead Bay,Bk,40.587,-73.954
55,R172,D40,BMT,Brighton Beach,Bk,40.578,-73.961
56,R264,D41,BMT,Ocean Pkwy,Bk,40.576,-73.969
57,R312,D42,BMT,W 8 St-NY Aquarium,Bk,40.576,-73.976
58,R151,D43,BMT,Coney Island-Stillwell Av,Bk,40.577,-73.981
59,R368,B12,BMT,9 Av,Bk,40.646,-73.994
60,R369,B13,BMT,Fort Hamilton Pkwy,Bk,40.641,-73.994
61,R234,B14,BMT,50 St,Bk,40.636,-73.995
62,R247,B15,BMT,55 St,Bk,40.631,-73.995
64,R370,B17,BMT,71 St,Bk,40.62,-73.999
65,R371,B18,BMT,79 St,Bk,40.614,-74.001
66,R372,B19,BMT,18 Av,Bk,40.608,-74.002
67,R373,B20,BMT,20 Av,Bk,40.605,-73.998
68,R374,B21,BMT,Bay Pkwy,Bk,40.602,-73.994
69,R399,B22,BMT,25 Av,Bk,40.598,-73.987
70,R400,B23,BMT,Bay 50 St,Bk,40.589,-73.984
71,R390,N02,BMT,8 Av,Bk,40.635,-74.012
72,R391,N03,BMT,Fort Hamilton Pkwy,Bk,40.631,-74.005
74,R392,N05,BMT,18 Av,Bk,40.621,-73.99
75,R393,N06,BMT,20 Av,Bk,40.617,-73.985
76,R394,N07,BMT,Bay Pkwy,Bk,40.612,-73.982
77,R395,N08,BMT,Kings Hwy,Bk,40.604,-73.98
78,R396,N09,BMT,Avenue U,Bk,40.597,-73.979
79,R397,N10,BMT,86 St,Bk,40.593,-73.978
80,R009,J12,BMT,121 St,Q,40.7,-73.828
81,R008,J13,BMT,111 St,Q,40.697,-73.836
82,R007,J14,BMT,104 St,Q,40.695,-73.844
83,R006,J15,BMT,Woodhaven Blvd,Q,40.694,-73.852
84,R005,J16,BMT,85 St-Forest Pkwy,Q,40.692,-73.86
85,R004,J17,BMT,75 St-Elderts Ln,Q,40.691,-73.867
86,R003,J19,BMT,Cypress Hills,Bk,40.69,-73.873
87,R437,J20,BMT,Crescent St,Bk,40.683,-73.874
88,R436,J21,BMT,Norwood Av,Bk,40.681,-73.88
89,R435,J22,BMT,Cleveland St,Bk,40.68,-73.885
90,R434,J23,BMT,Van Siclen Av,Bk,40.678,-73.892
91,R433,J24,BMT,Alabama Av,Bk,40.677,-73.899
93,R432,J28,BMT,Chauncey St,Bk,40.683,-73.91
94,R381,J29,BMT,Halsey St,Bk,40.686,-73.917
95,R380,J30,BMT,Gates Av,Bk,40.69,-73.922
96,R379,J31,BMT,Kosciuszko St,Bk,40.693,-73.929
97,R378,M11,BMT,Myrtle Av,Bk,40.697,-73.936
98,R377,M12,BMT,Flushing Av,Bk,40.7,-73.941
99,R353,M13,BMT,Lorimer St,Bk,40.704,-73.947
100,R352,M14,BMT,Hewes St,Bk,40.707,-73.953
101,R460,M16,BMT,Marcy Av,Bk,40.708,-73.958
103,R311,M19,BMT,Bowery,M,40.72,-73.994
107,R125,M23,BMT,Broad St,M,40.706,-74.011
108,R100,M01,BMT,Middle Village-Metropolitan Av,Q,40.711,-73.89
109,R404,M04,BMT,Fresh Pond Rd,Q,40.706,-73.896
110,R403,M05,BMT,Forest Av,Q,40.704,-73.903
111,R402,M06,BMT,Seneca Av,Q,40.703,-73.908
113,R413,M09,BMT,Knickerbocker Av,Bk,40.699,-73.92
114,R401,M10,BMT,Central Av,Bk,40.698,-73.927
118,R330,L05,BMT,3 Av,M,40.733,-73.986
119,R248,L06,BMT,1 Av,M,40.731,-73.982
120,R235,L08,BMT,Bedford Av,Bk,40.717,-73.957
122,R249,L11,BMT,Graham Av,Bk,40.715,-73.944
123,R250,L12,BMT,Grand St,Bk,40.712,-73.941
124,R265,L13,BMT,Montrose Av,Bk,40.708,-73.94
125,R294,L14,BMT,Morgan Av,Bk,40.706,-73.933
126,R279,L15,BMT,Jefferson St,Bk,40.707,-73.923
127,R236,L16,BMT,DeKalb Av,Bk,40.704,-73.918
129,R266,L19,BMT,Halsey St,Q,40.696,-73.904
130,R295,L20,BMT,Wilson Av,Bk,40.689,-73.904
131,R313,L21,BMT,Bushwick Av-Aberdeen St,Bk,40.683,-73.905
133,R348,L24,BMT,Atlantic Av,Bk,40.675,-73.903
134,R349,L25,BMT,Sutter Av,Bk,40.669,-73.902
135,R350,L26,BMT,Livonia Av,Bk,40.664,-73.901
136,R375,L27,BMT,New Lots Av,Bk,40.659,-73.899
137,R376,L28,BMT,East 105 St,Bk,40.651,-73.899
138,R152,L29,BMT,Canarsie-Rockaway Pkwy,Bk,40.647,-73.902
141,R411,S03,BMT,Park Pl,Bk,40.675,-73.958
143,R173,A02,IND,Inwood-207 St,M,40.868,-73.92
144,R185,A03,IND,Dyckman St,M,40.865,-73.927
145,R280,A05,IND,190 St,M,40.859,-73.934
146,R174,A06,IND,181 St,M,40.852,-73.938
147,R126,A07,IND,175 St,M,40.847,-73.94
149,R296,A10,IND,163 St-Amsterdam Av,M,40.836,-73.94
150,R331,A11,IND,155 St,M,40.831,-73.942
151,R101,A12,IND,145 St,M,40.825,-73.944
151,R101,D13,IND,145 St,M,40.825,-73.944
152,R332,A14,IND,135 St,M,40.818,-73.948
153,R102,A15,IND,125 St,M,40.811,-73.952
154,R333,A16,IND,116 St,M,40.805,-73.955
155,R334,A17,IND,Cathedral Pkwy (110 St),M,40.801,-73.958
156,R314,A18,IND,103 St,M,40.796,-73.961
157,R251,A19,IND,96 St,M,40.792,-73.965
158,R186,A20,IND,86 St,M,40.786,-73.969
159,R187,A21,IND,81 St-Museum of Natural History,M,40.781,-73.972
160,R281,A22,IND,72 St,M,40.776,-73.976
162,R188,A25,IND,50 St,M,40.762,-73.986
164,R012,A28,IND,34 St-Penn Station,M,40.752,-73.993
165,R111,A30,IND,23 St,M,40.746,-73.998
167,R138,A32,IND,W 4 St-Wash Sq,M,40.732,-74
167,R138,D20,IND,W 4 St-Wash Sq,M,40.732,-74
168,R282,A33,IND,Spring St,M,40.726,-74.004
169,R139,A34,IND,Canal St,M,40.721,-74.005
173,R252,A40,IND,High St,Bk,40.699,-73.991
175,R217,A42,IND,Hoyt-Schermerhorn Sts,Bk,40.688,-73.985
176,R283,A43,IND,Lafayette Av,Bk,40.686,-73.974
177,R284,A44,IND,Clinton-Washington Avs,Bk,40.683,-73.966
179,R198,A46,IND,Nostrand Av,Bk,40.68,-73.95
180,R199,A47,IND,Kingston-Throop Avs,Bk,40.68,-73.941
181,R153,A48,IND,Utica Av,Bk,40.679,-73.931
182,R438,A49,IND,Ralph Av,Bk,40.679,-73.921
183,R439,A50,IND,Rockaway Av,Bk,40.678,-73.912
185,R440,A52,IND,Liberty Av,Bk,40.675,-73.897
186,R441,A53,IND,Van Siclen Av,Bk,40.673,-73.89
187,R442,A54,IND,Shepherd Av,Bk,40.674,-73.881
188,R200,A55,IND,Euclid Av,Bk,40.675,-73.872
189,R382,A57,IND,Grant Av,Bk,40.677,-73.865
190,R383,A59,IND,80 St,Q,40.679,-73.859
191,R384,A60,IND,88 St,Q,40.68,-73.851
192,R385,A61,IND,Rockaway Blvd,Q,40.68,-73.844
193,R354,A63,IND,104 St,Q,40.682,-73.838
194,R355,A64,IND,111 St,Q,40.684,-73.832
195,R356,A65,IND,Ozone Park-Lefferts Blvd,Q,40.686,-73.826
196,R464,H01,IND,Aqueduct Racetrack,Q,40.672,-73.836
197,R357,H02,IND,Aqueduct-N Conduit Av,Q,40.668,-73.834
198,R414,H03,IND,Howard Beach-JFK Airport,Q,40.66,-73.83
199,R415,H04,IND,Broad Channel,Q,40.608,-73.816
200,R416,H12,IND,Beach 90 St,Q,40.588,-73.814
201,R417,H13,IND,Beach 98 St,Q,40.585,-73.821
202,R418,H14,IND,Beach 105 St,Q,40.583,-73.828
203,R419,H15,IND,Rockaway Park-Beach 116 St,Q,40.581,-73.836
204,R335,H06,IND,Beach 67 St,Q,40.591,-73.797
205,R336,H07,IND,Beach 60 St,Q,40.592,-73.789
206,R337,H08,IND,Beach 44 St,Q,40.593,-73.776
207,R338,H09,IND,Beach 36 St,Q,40.595,-73.768
208,R358,H10,IND,Beach 25 St,Q,40.6,-73.761
209,R285,H11,IND,Far Rockaway-Mott Av,Q,40.604,-73.755
210,R157,D01,IND,Norwood-205 St,Bx,40.875,-73.879
211,R156,D03,IND,Bedford Park Blvd,Bx,40.873,-73.887
212,R155,D04,IND,Kingsbridge Rd,Bx,40.867,-73.894
213,R112,D05,IND,Fordham Rd,Bx,40.861,-73.898
214,R237,D06,IND,182-183 Sts,Bx,40.856,-73.901
215,R154,D07,IND,Tremont Av,Bx,40.85,-73.905
216,R253,D08,IND,174-175 Sts,Bx,40.846,-73.91
217,R443,D09,IND,170 St,Bx,40.839,-73.913
218,R104,D10,IND,167 St,Bx,40.834,-73.918
220,R315,D12,IND,155 St,M,40.83,-73.938
221,R303,B04,IND,21 St-Queensbridge,Q,40.754,-73.943
222,R259,B06,IND,Roosevelt Island,M,40.759,-73.953
223,R319,B08,IND,Lexington Av/63 St,M,40.765,-73.966
224,R302,B10,IND,57 St,M,40.764,-73.977
225,R020,D15,IND,47-50 Sts-Rockefeller Ctr,M,40.759,-73.981
228,R203,D18,IND,23 St,M,40.743,-73.993
231,R240,D22,IND,Grand St,M,40.718,-73.994
232,R300,F14,IND,2 Av,M,40.723,-73.99
234,R257,F16,IND,East Broadway,M,40.714,-73.99
235,R301,F18,IND,York St,Bk,40.701,-73.987
236,R129,F20,IND,Bergen St,Bk,40.686,-73.991
237,R220,F21,IND,Carroll St,Bk,40.68,-73.995
238,R270,F22,IND,Smith-9 Sts,Bk,40.674,-73.996
240,R288,F24,IND,7 Av,Bk,40.666,-73.98
241,R241,F25,IND,15 St-Prospect Park,Bk,40.66,-73.979
242,R289,F26,IND,Fort Hamilton Pkwy,Bk,40.651,-73.976
243,R204,F27,IND,Church Av,Bk,40.644,-73.98
244,R420,F29,IND,Ditmas Av,Bk,40.636,-73.978
245,R242,F30,IND,18 Av,Bk,40.63,-73.977
246,R421,F31,IND,Avenue I,Bk,40.625,-73.976
247,R422,F32,IND,Bay Pkwy,Bk,40.621,-73.975
248,R423,F33,IND,Avenue N,Bk,40.615,-73.974
249,R424,F34,IND,Avenue P,Bk,40.609,-73.973
250,R130,F35,IND,Kings Hwy,Bk,40.603,-73.972
251,R425,F36,IND,Avenue U,Bk,40.596,-73.973
252,R271,F38,IND,Avenue X,Bk,40.59,-73.974
253,R426,F39,IND,Neptune Av,Bk,40.581,-73.975
254,R019,F01,IND,Jamaica-179 St,Q,40.713,-73.784
255,R115,F02,IND,169 St,Q,40.71,-73.794
256,R114,F03,IND,Parsons Blvd,Q,40.708,-73.803
257,R128,F04,IND,Sutphin Blvd,Q,40.705,-73.811
258,R255,F05,IND,Briarwood,Q,40.709,-73.821
259,R158,F06,IND,Kew Gardens-Union Tpke,Q,40.714,-73.831
260,R341,F07,IND,75 Av,Q,40.718,-73.837
261,R141,G08,IND,Forest Hills-71 Av,Q,40.722,-73.845
262,R219,G09,IND,67 Av,Q,40.727,-73.853
263,R202,G10,IND,63 Dr-Rego Park,Q,40.73,-73.862
264,R201,G11,IND,Woodhaven Blvd,Q,40.733,-73.869
265,R254,G12,IND,Grand Av-Newtown,Q,40.737,-73.877
266,R218,G13,IND,Elmhurst Av,Q,40.742,-73.882
268,R340,G15,IND,65 St,Q,40.75,-73.898
269,R298,G16,IND,Northern Blvd,Q,40.753,-73.906
270,R267,G18,IND,46 St,Q,40.756,-73.913
271,R238,G19,IND,Steinway St,Q,40.757,-73.921
272,R339,G20,IND,36 St,Q,40.752,-73.929
273,R140,G21,IND,Queens Plaza,Q,40.749,-73.937
276,R015,F12,IND,5 Av/53 St,M,40.76,-73.975
277,R113,D14,IND,7 Av,M,40.763,-73.982
278,R025,G05,IND,Jamaica Center-Parsons/Archer,Q,40.702,-73.801
279,R024,G06,IND,Sutphin Blvd-Archer Av-JFK Airport,Q,40.7,-73.808
280,R342,G07,IND,Jamaica-Van Wyck,Q,40.703,-73.817
282,R360,G24,IND,21 St,Q,40.744,-73.95
283,R239,G26,IND,Greenpoint Av,Bk,40.731,-73.954
284,R256,G28,IND,Nassau Av,Bk,40.725,-73.951
286,R299,G30,IND,Broadway,Bk,40.706,-73.95
287,R316,G31,IND,Flushing Av,Bk,40.7,-73.95
288,R286,G32,IND,Myrtle-Willoughby Avs,Bk,40.695,-73.949
289,R269,G33,IND,Bedford-Nostrand Avs,Bk,40.69,-73.954
290,R287,G34,IND,Classon Av,Bk,40.689,-73.96
291,R317,G35,IND,Clinton-Washington Avs,Bk,40.688,-73.967
292,R318,G36,IND,Fulton St,Bk,40.687,-73.975
293,R117,101,IRT,Van Cortlandt Park-242 St,Bx,40.889,-73.899
294,R306,103,IRT,238 St,Bx,40.885,-73.901
295,R040,104,IRT,231 St,Bx,40.879,-73.905
296,R039,106,IRT,Marble Hill-225 St,M,40.875,-73.91
297,R038,107,IRT,215 St,M,40.869,-73.915
298,R037,108,IRT,207 St,M,40.865,-73.919
299,R036,109,IRT,Dyckman St,M,40.861,-73.926
300,R274,110,IRT,191 St,M,40.855,-73.929
301,R260,111,IRT,181 St,M,40.85,-73.934
303,R193,113,IRT,157 St,M,40.834,-73.945
304,R273,114,IRT,145 St,M,40.827,-73.95
305,R169,115,IRT,137 St-City College,M,40.822,-73.954
306,R034,116,IRT,125 St,M,40.816,-73.958
307,R159,117,IRT,116 St-Columbia University,M,40.808,-73.964
308,R192,118,IRT,Cathedral Pkwy (110 St),M,40.804,-73.967
309,R191,119,IRT,103 St,M,40.799,-73.968
310,R168,120,IRT,96 St,M,40.794,-73.972
311,R167,121,IRT,86 St,M,40.789,-73.976
312,R166,122,IRT,79 St,M,40.784,-73.98
313,R452,123,IRT,72 St,M,40.778,-73.982
314,R164,124,IRT,66 St-Lincoln Center,M,40.773,-73.982
316,R116,126,IRT,50 St,M,40.762,-73.984
318,R031,128,IRT,34 St-Penn Station,M,40.75,-73.991
319,R272,129,IRT,28 St,M,40.747,-73.993
320,R190,130,IRT,23 St,M,40.744,-73.996
321,R321,131,IRT,18 St,M,40.741,-73.998
323,R189,133,IRT,Christopher St-Sheridan Sq,M,40.733,-74.003
324,R290,134,IRT,Houston St,M,40.728,-74.005
325,R320,135,IRT,Canal St,M,40.723,-74.006
326,R343,136,IRT,Franklin St,M,40.719,-74.007
327,R030,137,IRT,Chambers St,M,40.715,-74.009
328,R305,138,IRT,WTC Cortlandt,M,40.712,-74.012
329,R304,139,IRT,Rector St,M,40.708,-74.014
333,R027,230,IRT,Wall St,M,40.707,-74.009
334,R224,231,IRT,Clark St,Bk,40.697,-73.993
336,R225,233,IRT,Hoyt St,Bk,40.691,-73.985
337,R056,234,IRT,Nevins St,Bk,40.688,-73.98
339,R058,236,IRT,Bergen St,Bk,40.681,-73.975
340,R059,237,IRT,Grand Army Plaza,Bk,40.675,-73.971
341,R060,238,IRT,Eastern Pkwy-Brooklyn Museum,Bk,40.672,-73.964
343,R061,248,IRT,Nostrand Av,Bk,40.67,-73.95
344,R124,249,IRT,Kingston Av,Bk,40.669,-73.942
345,R062,250,IRT,Crown Hts-Utica Av,Bk,40.669,-73.933
346,R063,251,IRT,Sutter Av-Rutland Rd,Bk,40.665,-73.923
347,R064,252,IRT,Saratoga Av,Bk,40.661,-73.916
348,R065,253,IRT,Rockaway Av,Bk,40.663,-73.909
349,R066,254,IRT,Junius St,Bk,40.664,-73.902
350,R067,255,IRT,Pennsylvania Av,Bk,40.665,-73.895
351,R068,256,IRT,Van Siclen Av,Bk,40.665,-73.889
352,R069,257,IRT,New Lots Av,Bk,40.666,-73.884
353,R277,241,IRT,President Street-Medgar Evers College,Bk,40.668,-73.951
354,R209,242,IRT,Sterling St,Bk,40.663,-73.951
355,R451,243,IRT,Winthrop St,Bk,40.657,-73.95
356,R109,244,IRT,Church Av,Bk,40.651,-73.95
357,R210,245,IRT,Beverly Rd,Bk,40.645,-73.949
358,R135,246,IRT,Newkirk Av,Bk,40.64,-73.948
359,R110,247,IRT,Flatbush Av-Brooklyn College,Bk,40.633,-73.948
360,R429,601,IRT,Pelham Bay Park,Bx,40.852,-73.828
361,R428,602,IRT,Buhre Av,Bx,40.847,-73.833
362,R427,603,IRT,Middletown Rd,Bx,40.844,-73.836
363,R107,604,IRT,Westchester Sq-E Tremont Av,Bx,40.84,-73.843
364,R326,606,IRT,Zerega Av,Bx,40.836,-73.847
365,R106,607,IRT,Castle Hill Av,Bx,40.834,-73.851
366,R222,608,IRT,Parkchester,Bx,40.833,-73.861
367,R245,609,IRT,St Lawrence Av,Bx,40.832,-73.868
368,R120,610,IRT,Morrison Av-Soundview,Bx,40.83,-73.875
369,R162,611,IRT,Elder Av,Bx,40.829,-73.879
370,R325,612,IRT,Whitlock Av,Bx,40.827,-73.886
371,R146,613,IRT,Hunts Point Av,Bx,40.821,-73.891
372,R450,614,IRT,Longwood Av,Bx,40.816,-73.896
373,R449,615,IRT,E 149 St,Bx,40.812,-73.904
374,R448,616,IRT,E 143 St-St Mary's St,Bx,40.809,-73.908
375,R447,617,IRT,Cypress Av,Bx,40.805,-73.914
376,R446,618,IRT,Brook Av,Bx,40.808,-73.919
377,R445,619,IRT,3 Av-138 St,Bx,40.81,-73.926
378,R052,401,IRT,Woodlawn,Bx,40.886,-73.879
379,R133,402,IRT,Mosholu Pkwy,Bx,40.88,-73.885
380,R183,405,IRT,Bedford Park Blvd-Lehman College,Bx,40.873,-73.89
381,R161,406,IRT,Kingsbridge Rd,Bx,40.868,-73.897
382,R119,407,IRT,Fordham Rd,Bx,40.863,-73.901
383,R275,408,IRT,183 St,Bx,40.858,-73.904
384,R244,409,IRT,Burnside Av,Bx,40.853,-73.908
385,R309,410,IRT,176 St,Bx,40.848,-73.912
386,R308,411,IRT,Mt Eden Av,Bx,40.844,-73.915
387,R243,412,IRT,170 St,Bx,40.84,-73.918
388,R221,413,IRT,167 St,Bx,40.836,-73.921
391,R307,416,IRT,138 St-Grand Concourse,Bx,40.813,-73.93
392,R132,621,IRT,125 St,M,40.804,-73.938
393,R182,622,IRT,116 St,M,40.799,-73.942
394,R181,623,IRT,110 St,M,40.795,-73.944
395,R180,624,IRT,103 St,M,40.791,-73.947
396,R144,625,IRT,96 St,M,40.786,-73.951
397,R179,626,IRT,86 St,M,40.779,-73.956
398,R178,627,IRT,77 St,M,40.774,-73.96
399,R177,628,IRT,68 St-Hunter College,M,40.768,-73.964
403,R176,632,IRT,33 St,M,40.746,-73.982
404,R143,633,IRT,28 St,M,40.743,-73.984
405,R131,634,IRT,23 St,M,40.74,-73.987
407,R160,636,IRT,Astor Pl,M,40.73,-73.991
409,R322,638,IRT,Spring St,M,40.722,-73.997
413,R043,419,IRT,Wall St,M,40.708,-74.012
414,R041,420,IRT,Bowling Green,M,40.705,-74.014
416,R145,201,IRT,Wakefield-241 St,Bx,40.903,-73.851
417,R444,204,IRT,Nereid Av,Bx,40.898,-73.854
418,R367,205,IRT,233 St,Bx,40.893,-73.857
419,R366,206,IRT,225 St,Bx,40.888,-73.86
420,R365,207,IRT,219 St,Bx,40.884,-73.863
421,R364,208,IRT,Gun Hill Rd,Bx,40.878,-73.866
422,R363,209,IRT,Burke Av,Bx,40.871,-73.867
423,R362,210,IRT,Allerton Av,Bx,40.865,-73.867
424,R361,211,IRT,Pelham Pkwy,Bx,40.857,-73.868
425,R389,212,IRT,Bronx Park East,Bx,40.849,-73.868
426,R388,213,IRT,E 180 St,Bx,40.842,-73.873
427,R387,214,IRT,West Farms Sq-E Tremont Av,Bx,40.84,-73.88
428,R386,215,IRT,174 St,Bx,40.837,-73.888
429,R409,216,IRT,Freeman St,Bx,40.83,-73.892
430,R408,217,IRT,Simpson St,Bx,40.824,-73.893
431,R407,218,IRT,Intervale Av,Bx,40.822,-73.897
432,R406,219,IRT,Prospect Av,Bx,40.82,-73.902
433,R405,220,IRT,Jackson Av,Bx,40.816,-73.908
434,R053,221,IRT,3 Av-149 St,Bx,40.816,-73.918
436,R345,301,IRT,Harlem-148 St,M,40.824,-73.936
437,R344,302,IRT,145 St,M,40.82,-73.936
438,R207,224,IRT,135 St,M,40.814,-73.941
439,R206,225,IRT,125 St,M,40.808,-73.945
440,R324,226,IRT,116 St,M,40.802,-73.95
441,R323,227,IRT,Central Park North (110 St),M,40.799,-73.952
442,R431,501,IRT,Eastchester-Dyre Av,Bx,40.888,-73.831
443,R292,502,IRT,Baychester Av,Bx,40.879,-73.839
444,R226,503,IRT,Gun Hill Rd,Bx,40.87,-73.846
445,R430,504,IRT,Pelham Pkwy,Bx,40.859,-73.855
446,R329,505,IRT,Morris Park,Bx,40.854,-73.86
447,R055,701,IRT,Flushing-Main St,Q,40.76,-73.83
448,R328,702,IRT,Mets-Willets Point,Q,40.755,-73.846
449,R310,705,IRT,111 St,Q,40.752,-73.855
450,R208,706,IRT,103 St-Corona Plaza,Q,40.75,-73.863
451,R097,707,IRT,Junction Blvd,Q,40.749,-73.87
452,R122,708,IRT,90 St-Elmhurst Av,Q,40.748,-73.877
453,R096,709,IRT,82 St-Jackson Hts,Q,40.748,-73.884
455,R347,711,IRT,69 St,Q,40.746,-73.896
456,R147,712,IRT,Woodside-61 St,Q,40.746,-73.903
457,R327,713,IRT,52 St,Q,40.744,-73.913
458,R223,714,IRT,46 St-Bliss St,Q,40.743,-73.918
459,R261,715,IRT,40 St-Lowery St,Q,40.744,-73.924
460,R291,716,IRT,33 St-Rawson St,Q,40.745,-73.931
461,R121,718,IRT,Queensboro Plaza,Q,40.751,-73.94
461,R121,R09,BMT,Queensboro Plaza,Q,40.751,-73.94
463,R134,720,IRT,Hunters Point Av,Q,40.742,-73.949
464,R276,721,IRT,Vernon Blvd-Jackson Av,Q,40.743,-73.954
471,R072,726,IRT,34 St-Hudson Yards,M,40.756,-74.002
475,R572,Q05,IND,96 St,M,40.784,-73.947
476,R571,Q04,IND,86 St,M,40.778,-73.952
477,R570,Q03,IND,72 St,M,40.769,-73.958
501,R070,S31,SIR,St George,SI,40.644,-74.074
502,R165,S30,SIR,Tompkinsville,SI,40.637,-74.075
503,#N/A,S29,SIR,Stapleton,SI,40.628,-74.075
504,#N/A,S28,SIR,Clifton,SI,40.621,-74.071
505,#N/A,S27,SIR,Grasmere,SI,40.603,-74.084
506,#N/A,S26,SIR,Old Town,SI,40.597,-74.087
507,#N/A,S25,SIR,Dongan Hills,SI,40.589,-74.096
508,#N/A,S24,SIR,Jefferson Av,SI,40.584,-74.103
509,#N/A,S23,SIR,Grant City,SI,40.579,-74.11
510,#N/A,S22,SIR,New Dorp,SI,40.573,-74.117
511,#N/A,S21,SIR,Oakwood Heights,SI,40.565,-74.126
512,#N/A,S20,SIR,Bay Terrace,SI,40.556,-74.137
513,#N/A,S19,SIR,Great Kills,SI,40.551,-74.151
514,R470,S18,SIR,Eltingville,SI,40.545,-74.165
515,#N/A,S17,SIR,Annadale,SI,40.54,-74.178
516,#N/A,S16,SIR,Huguenot,SI,40.534,-74.192
517,#N/A,S15,SIR,Prince's Bay,SI,40.526,-74.2
518,#N/A,S14,SIR,Pleasant Plains,SI,40.522,-74.218
519,#N/A,S13,SIR,Richmond Valley,SI,40.52,-74.229
522,#N/A,S09,SIR,Tottenville,SI,40.513,-74.252
523,#N/A,S11,SIR,Arthur Kill,SI,40.517,-74.242
601,R105,L02,BMT,6 Av,M,40.737,-73.997
601,R105,D19,IND,14 St,M,40.738,-73.996
601,R105,132,IRT,14 St,M,40.738,-74
602,R170,R20,BMT,14 St-Union Sq,M,40.736,-73.991
602,R170,L03,BMT,14 St-Union Sq.,M,40.735,-73.991
602,R170,635,IRT,14 St-Union Sq,M,40.735,-73.99
603,R205,415,IRT,149 St-Grand Concourse,Bx,40.818,-73.927
603,R205,222,IRT,149 St-Grand Concourse,Bx,40.818,-73.927
604,R195,D11,IND,161 St-Yankee Stadium,Bx,40.828,-73.926
604,R195,414,IRT,161 St-Yankee Stadium,Bx,40.828,-73.926
605,R035,A09,IND,168 St,M,40.841,-73.94
605,R035,112,IRT,168 St-Washington Hts,M,40.841,-73.94
606,R346,F09,IND,Court Sq-23 St,Q,40.748,-73.946
606,R346,G22,IND,Court Sq,Q,40.747,-73.944
606,R346,719,IRT,Court Sq,Q,40.747,-73.945
607,R022,R17,BMT,34 St-Herald Sq,M,40.75,-73.988
607,R022,D17,IND,34 St-Herald Sq,M,40.75,-73.988
608,R258,R33,BMT,4 Av-9 St,Bk,40.671,-73.988
608,R258,F23,IND,4 Av-9 St,Bk,40.67,-73.99
609,R021,D16,IND,42 St-Bryant Pk,M,40.754,-73.985
609,R021,724,IRT,5 Av,M,40.754,-73.982
610,R045,631,IRT,Grand Central-42 St,M,40.752,-73.977
610,R045,723,IRT,Grand Central-42 St,M,40.751,-73.976
610,R045,901,IRT,Grand Central-42 St,M,40.753,-73.979
611,R010,R16,BMT,Times Sq-42 St,M,40.755,-73.987
611,R010,A27,IND,42 St-Port Authority Bus Terminal,M,40.757,-73.99
611,R010,127,IRT,Times Sq-42 St,M,40.755,-73.987
611,R010,725,IRT,Times Sq-42 St,M,40.755,-73.988
611,R010,902,IRT,Times Sq-42 St,M,40.756,-73.986
612,R049,F11,IND,Lexington Av/53 St,M,40.758,-73.969
612,R049,630,IRT,51 St,M,40.757,-73.972
613,R016,R11,BMT,Lexington Av/59 St,M,40.763,-73.967
613,R016,629,IRT,59 St,M,40.763,-73.968
614,R084,A24,IND,59 St-Columbus Circle,M,40.768,-73.982
614,R084,125,IRT,59 St-Columbus Circle,M,40.768,-73.982
615,R398,B16,BMT,62 St,Bk,40.626,-73.997
615,R398,N04,BMT,New Utrecht Av,Bk,40.625,-73.996
616,R018,G14,IND,Jackson Hts-Roosevelt Av,Q,40.747,-73.891
616,R018,710,IRT,74 St-Broadway,Q,40.747,-73.891
617,R057,R31,BMT,Atlantic Av-Barclays Ctr,Bk,40.684,-73.979
617,R057,D24,BMT,Atlantic Av-Barclays Ctr,Bk,40.684,-73.977
617,R057,235,IRT,Atlantic Av-Barclays Ctr,Bk,40.684,-73.978
618,R175,L01,BMT,8 Av,M,40.74,-74.003
618,R175,A31,IND,14 St,M,40.741,-74.002
619,R194,D21,IND,Broadway-Lafayette St,M,40.725,-73.996
619,R194,637,IRT,Bleecker St,M,40.726,-73.995
620,R108,R28,BMT,Court St,Bk,40.694,-73.992
620,R108,232,IRT,Borough Hall,Bk,40.693,-73.99
620,R108,423,IRT,Borough Hall,Bk,40.692,-73.99
621,R103,J27,BMT,Broadway Junction,Bk,40.679,-73.905
621,R103,L22,BMT,Broadway Junction,Bk,40.679,-73.903
621,R103,A51,IND,Broadway Junction,Bk,40.678,-73.905
622,R044,M21,BMT,Chambers St,M,40.713,-74.003
622,R044,640,IRT,Brooklyn Bridge-City Hall,M,40.713,-74.004
623,R118,R23,BMT,Canal St,M,40.72,-74.002
623,R118,Q01,BMT,Canal St,M,40.718,-74
623,R118,M20,BMT,Canal St,M,40.718,-74
623,R118,639,IRT,Canal St,M,40.719,-74
624,R029,R25,BMT,Cortlandt St,M,40.711,-74.011
624,R029,A36,IND,Chambers St,M,40.714,-74.009
624,R029,E01,IND,World Trade Center,M,40.713,-74.01
624,R029,228,IRT,Park Place,M,40.713,-74.009
625,R142,M18,BMT,Delancey St-Essex St,M,40.718,-73.987
625,R142,F15,IND,Delancey St-Essex St,M,40.719,-73.988
626,R412,S04,BMT,Botanic Garden,Bk,40.67,-73.959
626,R412,239,IRT,Franklin Avenue-Medgar Evers College,Bk,40.671,-73.958
627,R123,S01,BMT,Franklin Av,Bk,40.681,-73.956
627,R123,A45,IND,Franklin Av,Bk,40.681,-73.957
628,R002,M22,BMT,Fulton St,M,40.71,-74.008
628,R002,A38,IND,Fulton St,M,40.71,-74.008
628,R002,229,IRT,Fulton St,M,40.709,-74.007
628,R002,418,IRT,Fulton St,M,40.71,-74.01
629,R268,L10,BMT,Lorimer St,Bk,40.714,-73.95
629,R268,G29,IND,Metropolitan Av,Bk,40.713,-73.951
630,R137,M08,BMT,Myrtle-Wyckoff Avs,Bk,40.699,-73.912
630,R137,L17,BMT,Myrtle-Wyckoff Avs,Bk,40.7,-73.912
635,R001,R27,BMT,Whitehall St-South Ferry,M,40.703,-74.013
635,R001,142,IRT,South Ferry,M,40.702,-74.014
636,R089,R29,BMT,Jay St-MetroTech,Bk,40.692,-73.986
636,R089,A41,IND,Jay St-MetroTech,Bk,40.692,-73.987
